{
    "delimiter_symbols": "[ ] ( ) { } ; : , . ! < >",
    "groups": {
        "symbol": {
            "color": "#8be9fd",
            "symbols": "? : + - * / % & | ^ ~ = < > ++ -- && || << >> == != <= >= += -= *= /= %= &= |= ^= <<= >>= -> ?? =>"
        },
        "number": {
            "color": "#C8E8FF"
        },
        "comment": {
            "color": "#4E5B80",
            "line_comment": "//",
            "block_comment_start": "/*",
            "block_comment_end": "*/"
        },
        "string_literal": {
            "color": "#ffb86c"
        },
        "keywords": [
            {
                "name": "AuxiliarySymbols",
                "color": "#8be9fd",
                "words": "is in"
            },
            {
                "name": "Important",
                "color": "#47BC9F",
                "words": "Main"
            },
            {
                "name": "Keywords",
                "color": "#CF7FC2",
                "words": "Func Action abstract async break catch const delegate dynamic explicit fixed from group int long object out private ref sealed sizeof struct true ulong using void yield add await by char continue descending else extern float get if interface join namespace on override protected remove select stackalloc switch try unchecked value volatile as base double byte checked decimal do enum false for global implicit internal let new operator params public return set static this typeof unsafe var where ascending bool case class default equals finally foreach goto into lock null orderby partial readonly sbyte short string throw uint ushort virtual while"
            },
            {
                "name": "Movimentação",
                "color": "#8AF187",
                "words": "Move"
            },
            {
                "name": "Leitura",
                "color": "#fff344",
                "words": ""
            },
            {
                "name": "Escrita",
                "color": "#C3E88D",
                "words": "Print Write"
            },
            {
                "name": "Outros",
                "color": "#B46CEA",
                "words": "Delay"
            }
        ]
    }
}