{
    "delimiter_symbols": "( ) { } , !",
    "groups": {
        "symbol": {
            "color": "#8be9fd",
            "symbols": "+ - * / = < > == != <= >="
        },
        "number": {
            "color": "#C8E8FF"
        },
        "comment": {
            "color": "#4E5B80",
            "line_comment": "#",
            "block_comment_start": "",
            "block_comment_end": ""
        },
        "string_literal": {
            "color": "#ffb86c"
        },
        "keywords": [
            {
                "name": "AuxiliarySymbols",
                "color": "#8be9fd",
                "words": "and or"
            },
            {
                "name": "Important",
                "color": "#47BC9F",
                "words": "begin end"
            },
            {
                "name": "Keywords",
                "color": "#CF7FC2",
                "words": "others switch while repeat times for of until step do test case if then else"
            },
            {
                "name": "AuxiliaryKeywords",
                "color": "#579DD9",
                "words": "number string boolean true false"
            },
            {
                "name": "Movement",
                "color": "#8AF187",
                "words": ""
            },
            {
                "name": "Input",
                "color": "#fff344",
                "words": ""
            },
            {
                "name": "Output",
                "color": "#C3E88D",
                "words": ""
            },
            {
                "name": "Other",
                "color": "#B46CEA",
                "words": ""
            }
        ]
    }
}