{
  "forward": "W",
  "forward_alias": "UpArrow",
  "back": "S",
  "back_alias": "DownArrow",
  "left": "A",
  "left_alias": "LeftArrow",
  "right": "D",
  "right_alias": "RightArrow", 
  "reset": "R",
  "raise": "Z",
  "lower": "X",
  "sprint": "LeftShift",
  "invert_mouse_y": false,
  "pan_left": "Q",
  "pan_right": "E",
  "pan_up": "C",
  "pan_down": "V",
  "keyboard_panning_speed": 0.75,
  "sensitivity": {
    "change_in_mouse_position": {
      "time": 0,
      "value": 0.5,
      "in_tangent": 0,
      "out_tangent": 5
    },
    "multiplicative_factor_for_camera_rotation": {
      "time": 1,
      "value": 2.5,
      "in_tangent": 0,
      "out_tangent": 0
    },
    "preview_camera": {
      "move_factor": 120,
      "turn_factor": 1
    }
  },
  "tile_manipulation": {
    "id_negative": "Q",
    "id_positive": "E",
    "rotation": "R",
    "type": "T",
    "raise": "Equals",
    "raise_alias": "KeypadPlus",
    "lower": "Minus",
    "lower_alias": "KeypadMinus",
    "delete": "Delete",
    "add": "Space",
    "reset": "P",
    "toggle_freecam": "O"
  },
  "positioning": {
    "forward": "W",
    "forward_alias": "UpArrow",
    "back": "S",
    "back_alias": "DownArrow",
    "left": "A",
    "left_alias": "LeftArrow",
    "right": "D",
    "right_alias": "RightArrow",
    "raise_actuator": "Z",
    "lower_actuator": "X",
    "scoop_angle": "C",
    "scoop_angle_reverse": "V",
    "toggle_open_forklift": "B",
    "read_values": "LeftShift"
  }
}