{
  "imagem": {
    "#FFFFFF": "#FFFFFF",
    "#FAFAFA": "#FAFAFA",
    "#39AEA2": "#39AEA2",
    "#309D92": "#309D92",
    "#41B2A7": "#41B2A7",
    "#A34750": "#A34750",
    "#4DC1B5": "#4DC1B5",
    "#4A9CE0": "#4A9CE0",
    "#B57127": "#B57127",
    "#3175AE": "#3175AE",
    "#39A197": "#39A197",
    "#E79032": "#E79032",
    "#3590DD": "#3590DD",
    "#3490DC": "#3490DC",
    "#E86249": "#E86249",
    "#000000": "#000000",
    "#3C7CB0": "#3C7CB0",
    "#989898": "#989898",
    "#2B6493": "#2B6493",
    "#3590DB": "#3590DB",
    "#3690DC": "#3690DC",
    "#2A6493": "#2A6493",
    "#39ADA1": "#39ADA1",
    "#E89033": "#E89033",
    "#1A2835": "#1A2835",
    "#4A9CE1": "#4A9CE1",
    "#3B7BB0": "#3B7BB0",
    "#B5B5B5": "#B5B5B5",
    "#DEC36A": "#DEC36A",
    "#FF0000": "#FF0000",
    "#1E1E1E": "#1E1E1E",
    "#ECECED": "#ECECED",
    "#ADADAD": "#ADADAD",
    "#222222": "#222222",
    "#2E2E2E": "#2E2E2E",
    "#343434": "#343434",
    "#252526": "#252526",
    "#1D1D1D": "#1D1D1D",
    "#3D3D3D": "#3D3D3D",
    "#3C3C3C": "#3C3C3C",
    "#81D4CC": "#81D4CC",
    "#404040": "#404040",
    "#4DC0B5": "#4DC0B5",
    "#1F1F1F": "#1F1F1F",
    "#B4B4B4": "#B4B4B4",
    "#3C7BB0": "#3C7BB0",
    "#FF4343": "#FF4343",
    "#FDFDFD": "#FDFDFD",
    "#A45E5E": "#A45E5E",
    "#A4875E": "#A4875E",
    "#5E81A4": "#5E81A4",
    "#8EA45E": "#8EA45E",
    "#5EA47F": "#5EA47F",
    "#5EA49D": "#5EA49D",
    "#E0E0E0": "#E0E0E0",
    "#D5FDE5": "#D5FDE5",
    "#FDFCD3": "#FDFCD3",
    "#FCFBD2": "#FCFBD2",
    "#E3E0AC": "#E3E0AC",
    "#FFFFF9": "#FFFFF9",
    "#CBCBCB": "#CBCBCB",
    "#DDDDC7": "#DDDDC7",
    "#DEDDC8": "#DEDDC8",
    "#D4FCE4": "#D4FCE4",
    "#A4875F": "#A4875F",
    "#5F81A4": "#5F81A4",
    "#8EA45F": "#8EA45F",
    "#5FA47F": "#5FA47F",
    "#5FA49D": "#5FA49D",
    "#48A49B": "#48A49B",
    "#913A36": "#913A36"
  },
  "text": {
    "#FFFFFF": "#FFFFFF",
    "#3590DD": "#3590DD",
    "#3490DC": "#3490DC",
    "#3C7CB0": "#3C7CB0",
    "#3B7BB0": "#3B7BB0",
    "#7CD9D0": "#7CD9D0",
    "#323232": "#323232",
    "#72CEC5": "#72CEC5",
    "#FFEA79": "#FFEA79",
    "#4DC1B5": "#4DC1B5",
    "#ADADAD": "#ADADAD",
    "#4DC0B5": "#4DC0B5",
    "#FF0000": "#FF0000",
    "#4D5E96": "#4D5E96",
    "#5C5C5C": "#5C5C5C",
    "#4D5E95": "#4D5E95"
  },
  "button": {
    "#FFFFFF": "#FFFFFF",
    "#3D7CB0": "#3D7CB0",
    "#3490DC": "#3490DC",
    "#4DC0B5": "#4DC0B5",
    "#72CEC5": "#72CEC5",
    "#343434": "#343434",
    "#333333": "#333333",
    "#A4A4A4": "#A4A4A4",
    "#9D9D9D": "#9D9D9D"
  },
  "buttonhighlight": {
    "#F5F5F5": "#F5F5F5",
    "#3175AE": "#3175AE",
    "#4A9CE0": "#4A9CE0",
    "#C8C8C8": "#C8C8C8",
    "#39A197": "#39A197",
    "#FFFFFF": "#FFFFFF",
    "#EAEAEA": "#EAEAEA",
    "#F3F3F3": "#F3F3F3",
    "#2E2E2E": "#2E2E2E",
    "#505050": "#505050"
  },
  "buttonpressed": {
    "#C8C8C8": "#C8C8C8",
    "#3175AE": "#3175AE",
    "#4A9CE0": "#4A9CE0",
    "#39A197": "#39A197",
    "#FFFFFF": "#FFFFFF",
    "#EAEAEA": "#EAEAEA",
    "#F3F3F3": "#F3F3F3",
    "#A6A6A6": "#A6A6A6",
    "#2E2E2E": "#2E2E2E",
    "#505050": "#505050"
  }
}