<category name="Lógica" colour="210">
    <block type="start" deletable="false" movable="false"></block>
    <block type="controls_if"></block>
    <block type="enquanto_farei"></block>
    <block type="farei_enquanto"></block>
    <block type="para"></block>
    <block type="repita"></block>
    <block type="teste_constructor"></block>
    <block type="teste_caso"></block>
    <block type="teste_outros"></block>
    <block type="logic_compare"></block>
    <block type="logic_operation"></block>
    <block type="logic_boolean"></block>
</category>
<category name="Matemática" colour="230">
    <block type="default_num"></block>
    <block type="aleatorio"></block>
    <block type="arcocosseno"></block>
    <block type="arcoseno"></block>
    <block type="arcotangente"></block>
    <block type="arredondar"></block>
    <block type="cosseno"></block>
    <block type="dividir"></block>
    <block type="listanumero"></block>
    <block type="mapeamento"></block>
    <block type="modulo"></block>
    <block type="multiplicar"></block>
    <block type="negativo"></block>
    <block type="pi"></block>
    <block type="raizquadrada"></block>
    <block type="resto"></block>
    <block type="seno"></block>
    <block type="somar"></block>
    <block type="subtrair"></block>
    <block type="tamanholistanumero"></block>
    <block type="tamanholistatexto"></block>
    <block type="tangente"></block>
    <block type="textotamanho"></block>
    <block type="truncar"></block>
    <block type="virarnumero"></block>
</category>
<category name="Texto" colour="160">
    <block type="default_text"></block>
    <block type="escrever"></block>
    <block type="escrevernumero"></block>
    <block type="limparregistro"></block>
    <block type="pararregistro"></block>
    <block type="registrar"></block>
    <block type="registrarnumero"></block>
    <block type="registrartexto"></block>
    <block type="virartexto"></block>
    <block type="concatenar"></block>
    <block type="concatenar3"></block>
    <block type="concatenar4"></block>
    <block type="concatenar5"></block>
    <block type="imprimirlistanumero"></block>
    <block type="imprimirlistatexto"></block>
    <block type="listatexto"></block>
    <block type="substituir"></block>
    <block type="textoposicao"></block>
</category>
<category name="Cor" colour="345">
    <block type="colorinput"></block>
</category>
<sep gap="8"></sep>
<category name="Leitura" colour="290">
    <block type="anguloatuador"></block>
    <block type="angulogiroatuador"></block>
    <block type="cor"></block>
    <block type="corazul"></block>
    <block type="corverde"></block>
    <block type="corvermelha"></block>
    <block type="direcao"></block>
    <block type="inclinacao"></block>
    <block type="luz"></block>
    <block type="temalgo"></block>
    <block type="tempo"></block>
    <block type="temporizador"></block>
    <block type="toque"></block>
    <block type="ultra"></block>
</category>
<category name="Movimentação" colour="65">
    <block type="abrir"></block>
    <block type="baixar"></block>
    <block type="direita"></block>
    <block type="esquerda"></block>
    <block type="fechar"></block>
    <block type="frente"></block>
    <block type="frenterotacao"></block>
    <block type="girarbaixo"></block>
    <block type="girarcima"></block>
    <block type="levantar"></block>
    <block type="motordireita"></block>
    <block type="motoresquerda"></block>
    <block type="mover"></block>
    <block type="parar"></block>
    <block type="rotacionar"></block>
    <block type="tras"></block>
    <block type="trasrotacao"></block>
    <block type="velocidadeatuador"></block>
</category>
<category name="Musica" colour="15">
    <block type="ajustaronda"></block>
    <block type="tocar"></block>
    <block type="tocarsom"></block>
</category>
<category name="Outros" colour="330">
    <block type="acenderled"></block>
    <block type="acenderledrgb"></block>
    <block type="adicionarlistanumero"></block>
    <block type="adicionarlistatexto"></block>
    <block type="ajustarcor"></block>
    <block type="apagarled"></block>
    <block type="comentar"></block>
    <block type="esperar"></block>
    <block type="interromper"></block>
    <block type="limparconsole"></block>
    <block type="limparlinha"></block>
    <block type="removerlistanumero"></block>
    <block type="removerlistatexto"></block>
    <block type="zerartemporizador"></block>
    <block type="ajustarprecisao"></block>
</category>
<sep gap="8"></sep>
<category name="Variável" custom="VARIABLE" colour="195"></category>
<category name="Tarefas" custom="PROCEDURE" colour="0"></category>
